{
  "project_info": {
    "project_number": "605031514791",
    "firebase_url": "https://eprescription-a84af.firebaseio.com",
    "project_id": "eprescription-a84af",
    "storage_bucket": "eprescription-a84af.appspot.com"
  },
  "client": [
    {
      "client_info": {
        "mobilesdk_app_id": "1:605031514791:android:f7c2cab9a366f131",
        "android_client_info": {
          "package_name": "com.uta.eprescription"
        }
      },
      "oauth_client": [
        {
          "client_id": "605031514791-638h31r8nl8520r2aq3sdccrpec681uh.apps.googleusercontent.com",
          "client_type": 3
        }
      ],
      "api_key": [
        {
          "current_key": "AIzaSyDYNEVl8ll8Mxgp6VlErGqmOz8lOAKy7RU"
        }
      ],
      "services": {
        "analytics_service": {
          "status": 1
        },
        "appinvite_service": {
          "status": 1,
          "other_platform_oauth_client": []
        },
        "ads_service": {
          "status": 2
        }
      }
    }
  ],
  "configuration_version": "1"
}